_id,nombres,apellidos,email,email_validacion,password,estado,fullname,createdAT,__v
680450bf24880247e3b6d6fd,Julio Ernesto,Sánchez,sánchez.julio@outlook.com,True,$2b$10$ZXbYNWSpZQRuekqMfHsF.OqHXAh7VvTEbz.c0qAoLrcWtC4lTdas6,True,Julio Ernesto Sánchez,2024-07-01 15:38:11.000,0
680450bf24880247e3b6d6fe,Beatriz Mónica,Santiago,beatriz.santiago@icloud.com,True,$2b$10$zdR58FdxUfc1DgedEfxei.Xfn2aAgUiXDHL98YUkeAmA2SW9dZy5O,True,Beatriz Mónica Santiago,2024-07-02 19:30:00.000,0
680450bf24880247e3b6d6ff,Carolina,Pascual,carolina_pascual@live.com,True,$2b$10$qTVQaXuPCZgW9/q7GUxF7.rAA/FsDlDfIl4AbfQJmq0n8Llnch9ra,True,Carolina Pascual,2024-07-03 19:52:06.000,0
680450bf24880247e3b6d700,Catalina,Vargas,vargasc@outlook.com,True,$2b$10$YhhJRYdu1K.Rsp1OSrJIxe7jfvid2rj3iOld8XMo4hx8gfWheynUG,True,Catalina Vargas,2024-07-03 21:17:26.000,0
680450bf24880247e3b6d701,Daniel,Moya Marín,danielmoya664@icloud.com,True,$2b$10$nXrpWGOxya.VAcw07yTiCeuxvAt8uLXFDtham8aHBpVBl4xYDRO32,True,Daniel Moya Marín,2024-07-03 22:29:24.000,0
680450bf24880247e3b6d702,Enrique Alfredo,Vargas,enrique163@hotmail.com,True,$2b$10$5RVmiEPSodecrvmEESDmOevrfvXmBFiwBjUxvAAzNkhaK95ncpmHy,True,Enrique Alfredo Vargas,2024-07-04 23:14:52.000,0
680450bf24880247e3b6d703,Guadalupe,Márquez,guadalupemárquez660@hotmail.com,True,$2b$10$v/WYgSLf0c0hS/B7CmZz9OAV.c2dJdEtAh3UE/gCc7Gi/PdJLPPIu,True,Guadalupe Márquez,2024-07-05 10:39:55.000,0
680450bf24880247e3b6d704,Hugo Ricardo,Rubio,rubio.hugo@icloud.com,True,$2b$10$8kYJd.AHzuhPqEASlJw3EuXq64s.ASk/l.PrDaGQs72ABzJwJWlaq,True,Hugo Ricardo Rubio,2024-07-05 10:43:47.000,0
680450bf24880247e3b6d705,Mónica Elena,Fernández Navarro,mónicafernández88@live.com,True,$2b$10$5G4UwyqK3oL6UOV/JvIro./.XDmDcakhtirfFwPfZ2HLBDJCtu99G,True,Mónica Elena Fernández Navarro,2024-07-05 13:04:21.000,0
680450bf24880247e3b6d706,Rubén,Alonso Gallego,rubénalonso542@aol.com,True,$2b$10$CQ9vwcxVrlsXp5joM5ePmOuv3U6Ww8UUOwWdqI.tyIMc/NuDNG9TK,True,Rubén Alonso Gallego,2024-07-05 19:32:11.000,0
680450c024880247e3b6d707,Patricia Gabriela,Pérez Marín,patriciapérez90@hotmail.com,True,$2b$10$b4xRkDzoUkbWVsYymraXQ.gg2x6SjhKT.L/VYeeeVMtgMIMnwavze,True,Patricia Gabriela Pérez Marín,2024-07-06 17:00:37.000,0
680450c024880247e3b6d708,Armando,Vargas,armandovargas411@icloud.com,True,$2b$10$GlYTqcg3i6XIOTgHFr6eE.xtGiYX9asEOwRRAvquTtwWw6JQpfL5q,True,Armando Vargas,2024-07-06 18:30:16.000,0
680450c024880247e3b6d709,David,Pastor,davidpastor825@mail.com,True,$2b$10$2o/B9YdixuuY2fo/5x/UQOFIp2AMkeB23M.vmaQsNHqbrgeYsK0Te,True,David Pastor,2024-07-09 10:19:47.000,0
680450c024880247e3b6d70a,Pablo Alejandro,Castillo,pablo.castillo@protonmail.com,True,$2b$10$taZMliarb220CcR.BJwmSeuJ3CmAdypbIdGKpJVM98YIQjDqge.T6,True,Pablo Alejandro Castillo,2024-07-09 12:09:35.000,0
680450c024880247e3b6d70b,Carolina Rosa,Rojas Gallardo,rojas.carolina@yahoo.com,True,$2b$10$95DMC6Kq27COpaOan2NRl.kEXYAK/uphUhbxYkn8SlyaYG7.s5bIG,True,Carolina Rosa Rojas Gallardo,2024-07-10 13:27:46.000,0
680450c024880247e3b6d70c,Lourdes,Vázquez,lourdesvázquez84@protonmail.com,True,$2b$10$Lquh7nSb/5G4u/b2ECX0Yu9GNSmDuz9J44/CXZ/YUJqD.9Op.fpRe,True,Lourdes Vázquez,2024-07-10 18:43:39.000,0
680450c024880247e3b6d70d,José Pedro,Hidalgo Nieto,josé.hidalgo@icloud.com,True,$2b$10$L1MaAf7fxYqN1vpXxSu4DOmINiDKcxumli/9MFgzWL.tLax5DgjU2,True,José Pedro Hidalgo Nieto,2024-07-12 11:22:01.000,0
680450c024880247e3b6d70e,Rafael Alberto,Serrano,serrano.rafael@yahoo.com,True,$2b$10$f8LY2bLczYx.C5j4TeYuEeEC.Jz8TRx/m76PBkuzO14GKk6TbeMdu,True,Rafael Alberto Serrano,2024-07-12 17:25:38.000,0
680450c024880247e3b6d70f,Julia Alejandra,Rojas Gallardo,juliarojas97@protonmail.com,True,$2b$10$HcUNGNPwIQtbmioA2c.XdelSlfRyRhl24lfqjdz8hcjT9a7MAirC.,True,Julia Alejandra Rojas Gallardo,2024-07-12 17:42:12.000,0
680450c024880247e3b6d710,Luis,Santiago,luis_santiago@gmail.com,False,$2b$10$2x0UHkADS5C4zfAESBT85e8fcFeXrGvf8x5RjT2quNmYoPPh39/k2,True,Luis Santiago,2024-07-13 13:05:22.000,0
680450c024880247e3b6d711,Alejandra,García Ramos,alejandra433@live.com,True,$2b$10$yP5o97mgaX2tralidhQHMuJzoOhYd2HXopWr52s/brJcnelbHPkyq,True,Alejandra García Ramos,2024-07-14 11:09:45.000,0
680450c024880247e3b6d712,Salvador Víctor,Muñoz,salvador_muñoz@zoho.com,True,$2b$10$kQngb8FZgUI7JR3foAjznuvh6JKeWY32DwAMnMIMJ4uBR4u9wdU7O,True,Salvador Víctor Muñoz,2024-07-14 17:19:02.000,0
680450c024880247e3b6d713,César Carlos,Benítez,césar.benítez@aol.com,True,$2b$10$PYEzAQzD5A7CLrax6fk/but1C9MmJTwTaWVicEWkymrTAE1M97B9C,True,César Carlos Benítez,2024-07-14 19:13:48.000,0
680450c024880247e3b6d714,Mario Armando,Rodríguez Ramos,mario.rodríguez@live.com,False,$2b$10$dCX709o7O9rG9CpTM.SZfOef6wReroeUKqb.CsTG.jCeOTSwALWpa,True,Mario Armando Rodríguez Ramos,2024-07-14 22:45:27.000,0
680450c024880247e3b6d715,María,Ruiz Reyes,maría_ruiz@aol.com,True,$2b$10$L123jj7nlUFIz6zFy//y6OaXJCaGjrFrsqPdZBXTEzJCwtXLWgGSS,True,María Ruiz Reyes,2024-07-16 20:07:56.000,0
680450c024880247e3b6d716,Victoria,Álvarez,victoria599@icloud.com,True,$2b$10$v5GYqThGPqolRpf1wYp/nuEPw3pnu7xhdkp3O8WrD8/W8HFjtjqjC,True,Victoria Álvarez,2024-07-17 00:43:03.000,0
680450c124880247e3b6d717,Teresa Patricia,Esteban,teresaesteban90@gmail.com,True,$2b$10$1gts7sGQfdZBIfiNqYyIyugKGc3rgATdQAYWcZwwYt/HdfDTfqm7e,True,Teresa Patricia Esteban,2024-07-17 11:04:25.000,0
680450c124880247e3b6d718,Raúl,Márquez Ortiz,raúlmárquez85@yahoo.com,True,$2b$10$bajpXXR1CHT67Rw.k6MupehuVOzI3sFXyjwQiwlrGzfzIENrZ9ZgK,True,Raúl Márquez Ortiz,2024-07-18 10:30:32.000,0
680450c124880247e3b6d719,Victoria Isabel,Ruiz Gil,victoria_ruiz@aol.com,True,$2b$10$WJbl3KMDzdkE8joNx8RGIer9zzUK/XDMzP8cS3LTOXcdL5D8F.8hS,True,Victoria Isabel Ruiz Gil,2024-07-18 12:29:00.000,0
680450c124880247e3b6d71a,Alejandro,Vargas Sánchez,alejandro.vargas@live.com,True,$2b$10$sl9XMIExYiGPwsjF5kuUseIPzZRRzzim45oNtmmiZaBNczjX6hsLO,True,Alejandro Vargas Sánchez,2024-07-19 08:48:53.000,0
680450c124880247e3b6d71b,Claudia Adriana,Carmona,ccarmona@outlook.com,True,$2b$10$b14dsFrpqXG9cV6AOQRcK.yp/A5DNcn57mff4pFSkZAkmeKUTCDQm,True,Claudia Adriana Carmona,2024-07-19 11:44:21.000,0
680450c124880247e3b6d71c,Juana,Hidalgo,juana_hidalgo@icloud.com,True,$2b$10$D.ai2ApmNKgYVBwr3TVHh.DRtRQQekFDI60K7LUIcFvD/05M9e/j.,True,Juana Hidalgo,2024-07-20 09:52:57.000,0
680450c124880247e3b6d71d,Armando Ricardo,Garrido Vicente,garrido.armando@aol.com,True,$2b$10$47FT7osfDeGjewvd/T8pfemXNUn5jbsclLnSsvNtlXYr9dVMhIB9C,True,Armando Ricardo Garrido Vicente,2024-07-20 12:43:14.000,0
680450c124880247e3b6d71e,Lucía,Campos,campos.lucía@outlook.com,True,$2b$10$WrGR44.xQCFYThr0C4bQzeRMvZjXz71pHjoeiSV9K27EyaHVJkXvu,True,Lucía Campos,2024-07-20 13:48:16.000,0
680450c124880247e3b6d71f,Mariana,González,mgonzález@protonmail.com,True,$2b$10$od318JaYzoR/IfDNXEAi6Oyeb0qngJeRNRIv2UIvuPn8vMEwM0MLu,True,Mariana González,2024-07-20 23:45:12.000,0
680450c124880247e3b6d720,Raúl,Arias,rarias@mail.com,True,$2b$10$4NP./vkW7OQhCKjA8cdFp.IwbIn1.OvsZVQ0eDU9ppCivkOzdlkce,True,Raúl Arias,2024-07-21 05:07:39.000,0
680450c124880247e3b6d721,Cecilia,Álvarez Crespo,cecilia_álvarez@yahoo.com,True,$2b$10$U3/bc4uXrggGvG9VoPxaI.ElZUSY4XaTd6/rzWKSPci9C9Syz0RvO,False,Cecilia Álvarez Crespo,2024-07-21 13:31:46.000,0
680450c124880247e3b6d722,Isabel Daniela,Ruiz Esteban,isabelruiz75@icloud.com,True,$2b$10$JMIFu9JTmcznxR/Rz5V81erpet.mjkprzJo9V4REMBqMY6PElWY76,True,Isabel Daniela Ruiz Esteban,2024-07-21 15:51:31.000,0
680450c124880247e3b6d723,Valeria Juana,Nieto Giménez,valeria_nieto@zoho.com,True,$2b$10$EaF3cqgl1oLMNvdJ3Macsev0dnxOk.03WB9s9TEX9R0tZP8wdwKBa,True,Valeria Juana Nieto Giménez,2024-07-22 18:36:36.000,0
680450c124880247e3b6d724,Natalia Sofía,Gil Rubio,gil.natalia@zoho.com,False,$2b$10$/ePlqSSBmpccy01c2qKg7efiSnE1aYZePHlbQgUfKd4envmClDUA6,True,Natalia Sofía Gil Rubio,2024-07-22 20:14:41.000,0
680450c124880247e3b6d725,Francisco Salvador,Velasco,fvelasco@zoho.com,True,$2b$10$KFSM13D2Qy.J7oe0HIFMaub.7v76rdStia9iqomTrKi/YrEJA02ra,True,Francisco Salvador Velasco,2024-07-23 08:04:57.000,0
680450c124880247e3b6d726,Diana Lourdes,Jiménez,dianajiménez725@aol.com,True,$2b$10$TDMTHFSPRn5rmuxREGN64Ontriy5539bCv.h6Fc3LXdHeqZuZQ3YK,True,Diana Lourdes Jiménez,2024-07-23 12:22:48.000,0
680450c124880247e3b6d727,Rafael Salvador,Pastor,rafaelpastor923@hotmail.com,True,$2b$10$k4buNrbyvSxbS9MXE/Zq2.rzAm1Sf6ICTv2ZOc0SmLtlw6k.J9ubq,True,Rafael Salvador Pastor,2024-07-23 20:23:20.000,0
680450c124880247e3b6d728,Ana Daniela,Vidal,vidala@gmail.com,True,$2b$10$ziGNYup06R5LQaumJo5V4.WpUVEk7WDamkGCuyf9mmhb32jM5ev5q,True,Ana Daniela Vidal,2024-07-23 22:57:58.000,0
680450c224880247e3b6d729,Mariana Verónica,Ramos Hernández,mariana311@gmail.com,True,$2b$10$t6DNm5e/NrsaQzsOy.nrKehXTW3UYGC0hOdrBQK/UE8iBlvuw/EHa,True,Mariana Verónica Ramos Hernández,2024-07-24 05:43:16.000,0
680450c224880247e3b6d72a,Mariana,Carrasco,mcarrasco@mail.com,True,$2b$10$l1LOHkEqRR7osDJtKy9Pu.8zDgWEJWQPZHJjdONGU04CcZD/U5uOe,True,Mariana Carrasco,2024-07-25 22:47:30.000,0
680450c224880247e3b6d72b,Luis Francisco,Muñoz,muñoz.luis@yahoo.com,True,$2b$10$UXsOZu4dR7MLz5cJMgQRLeoHhIYaz/1AB35HSvcLKbET83evV0AcK,True,Luis Francisco Muñoz,2024-07-26 15:21:08.000,0
680450c224880247e3b6d72c,Leticia,Benítez,lbenítez@hotmail.com,True,$2b$10$8hPHAoUcrBRcKItIoCKM8uBaO4iP8dPpsMn53Q4rhOPlrjFfLlj0W,True,Leticia Benítez,2024-07-27 08:45:32.000,0
680450c224880247e3b6d72d,Pedro,Sanz,sanzp@live.com,True,$2b$10$XNl.ywadtP978PrQUalHqeRfjN0EZb1laa0j./daeW16gGwLPzH9W,True,Pedro Sanz,2024-07-27 13:12:32.000,0
680450c224880247e3b6d72e,Alicia,Prieto,alicia_prieto@protonmail.com,True,$2b$10$vSL7Qs89S4pRIzUFNENohe2ryBPNRVtj.eun.vVQQ2Vq5XHlLWNWq,True,Alicia Prieto,2024-07-27 23:10:53.000,0
680450c224880247e3b6d72f,Raúl Alberto,Esteban,raúl.esteban@icloud.com,True,$2b$10$4Hj/G5vi.lKlazA9R4fhaeenhXREACo3jAt8IKn4zCJWYX1ZHgdkC,False,Raúl Alberto Esteban,2024-07-28 14:31:14.000,0
680450c224880247e3b6d730,Fernando,Domínguez Esteban,fernandodomínguez582@live.com,True,$2b$10$lUyd9fNaPc1tFYVpvbIedOFjLRUGxNeE1S/0f0.HPSUHydaDpv67u,True,Fernando Domínguez Esteban,2024-07-29 21:49:52.000,0
680450c224880247e3b6d731,Luisa Martha,Vicente Serrano,luisavicente95@protonmail.com,True,$2b$10$uk2zfv0R5HaKSYaQa/J0t.8JXVNSTE.EZ724Fx4HMO6FpeZ90BJz.,True,Luisa Martha Vicente Serrano,2024-07-30 09:14:58.000,0
680450c224880247e3b6d732,Mónica,Sáez,sáez.mónica@yahoo.com,False,$2b$10$cqoTaWRH1dLzvZ5uPGrHwuHM/YE/E..K9P9HZgJb6LBz0CI1Xn5IC,True,Mónica Sáez,2024-07-30 18:07:54.000,0
680450c224880247e3b6d733,Leticia,Parra Prieto,leticia988@aol.com,True,$2b$10$1poQdnT6UuOB4CmGJVd7XuYnN1Rdza9i0HqMTqzKE3XigyNjHic0a,True,Leticia Parra Prieto,2024-07-30 22:51:06.000,0
680450c224880247e3b6d734,Susana Carmen,Santos Díez,susana.santos@zoho.com,True,$2b$10$PR4/lGKZ8031EhzPUQeRSeKR7o/n8vfEowPc5Wb3x/JT88azxF1lC,True,Susana Carmen Santos Díez,2024-07-31 08:45:32.000,0
680450c224880247e3b6d735,Victoria Patricia,Suárez Montero,victoriasuárez80@protonmail.com,True,$2b$10$kPSBDRsdZ4RGeyjLl/SXfOfezu69t8B32HAmI/yO50yRKad2SrJ.C,True,Victoria Patricia Suárez Montero,2024-07-31 11:59:53.000,0
680450c224880247e3b6d736,Juan Luis,Delgado Gutiérrez,juandelgado99@aol.com,True,$2b$10$jt1e9Zo54k45uyE/LmUFaeSYqZn9F5qpcQt4GsbPDQI.79h0GINQC,True,Juan Luis Delgado Gutiérrez,2024-07-31 13:52:25.000,0
680450c224880247e3b6d737,Valeria Beatriz,Álvarez,valeria719@hotmail.com,True,$2b$10$AAJriqaZ7UMaP0cq5LgDF.Ejw52ZsWFn5QTqSuRH97bB.FytIh8xq,True,Valeria Beatriz Álvarez,2024-07-31 19:23:32.000,0
680450c224880247e3b6d738,Valeria Cecilia,Lozano,valeria.lozano@aol.com,True,$2b$10$zAXGTRZGTjyXOQXWvD1ZdupD0QsScs7tgE04RDB./JgD4A4r3yDpG,False,Valeria Cecilia Lozano,2024-07-31 22:41:21.000,0
680450c224880247e3b6d739,Rubén,Crespo Sanz,crespor@aol.com,True,$2b$10$AOZi80SIcng8VDeRUGxiteL0cy4c3RMtJD42Rl5r5uKcWv65//xDu,True,Rubén Crespo Sanz,2024-08-03 10:01:54.000,0
680450c324880247e3b6d73a,Julia Cristina,Cabrera Duran,cabrera.julia@zoho.com,True,$2b$10$NgDC1zVjfXWheWRjUAEZm.apahWRnxy6EVTWMnTQ4I0732r3CmGXK,True,Julia Cristina Cabrera Duran,2024-08-11 11:14:33.000,0
680450c324880247e3b6d73b,María,Delgado Gil,mdelgado@live.com,True,$2b$10$6v2aovtUJqk.JBau5xXrKuQ.I0j/.x08b3aF1p5o5iGCMsoUBBs5C,True,María Delgado Gil,2024-08-11 21:05:27.000,0
680450c324880247e3b6d73c,David Marcos,Alonso Flores,alonsod@outlook.com,True,$2b$10$l9mudcb4YNLrl07CrUboVO/69SfqYQQBDs0bMoUh0IIs7KrBWlAnO,True,David Marcos Alonso Flores,2024-08-12 09:21:01.000,0
680450c324880247e3b6d73d,Martha,Hidalgo Arias,mhidalgo@icloud.com,True,$2b$10$ck6fbnoTZxg7CASzmjw8OeRRI3qM6xt.ensV9Xtm7yq2JXIXmiPcy,True,Martha Hidalgo Arias,2024-08-13 09:13:06.000,0
680450c324880247e3b6d73e,Carmen Martha,Suárez Cruz,carmen.suárez@protonmail.com,True,$2b$10$w.NL/rlBjKZ1TKiYplRNk.nppy4cVT7cPffunLPCzm6YzGPJvjawy,True,Carmen Martha Suárez Cruz,2024-08-14 20:24:17.000,0
680450c324880247e3b6d73f,Miguel,Fuentes Flores,miguel.fuentes@outlook.com,True,$2b$10$4ZbHv/HYVqEOT4B74r.bhuvfh18MwXo3zlRQEqXKGxO28yPkHjat6,True,Miguel Fuentes Flores,2024-08-17 03:09:31.000,0
680450c324880247e3b6d740,Daniel,Parra,danielparra303@protonmail.com,True,$2b$10$iPd9pP2ULPAOquzyqhvIOuv89bxy6i51NL0PT2QQpT2r41HbeaQwa,True,Daniel Parra,2024-08-21 12:15:36.000,0
680450c324880247e3b6d741,Javier,Vicente,javiervicente980@icloud.com,True,$2b$10$PEIRsMTpU2gFfzyvm1R0V.QcW9Tk1i89DlcgYswrureHzAtfEUBBK,True,Javier Vicente,2024-09-01 11:39:44.000,0
680450c324880247e3b6d742,Roberto Armando,Serrano León,serrano.roberto@zoho.com,True,$2b$10$KuXSnEeumBIUifuIshmJ2u3PKYnBujd8fWaTCL/so3EmhPDRvh.ba,True,Roberto Armando Serrano León,2024-09-02 20:06:13.000,0
680450c324880247e3b6d743,Elena,Iglesias,elenaiglesias86@live.com,True,$2b$10$4Oa7EXlKbssTsEg.41CYxOkLlkpB32tyhWOpW9XkZUtPJqXwXEUXG,True,Elena Iglesias,2024-09-07 20:00:52.000,0
680450c324880247e3b6d744,Patricia Verónica,Guerrero Sánchez,patricia.guerrero@outlook.com,True,$2b$10$WpnKU6B2BQN.fUc06FrpwOOB/zDlsmvLsVPccpLv5/8yOL/16pxVu,True,Patricia Verónica Guerrero Sánchez,2024-09-12 18:14:16.000,0
680450c324880247e3b6d745,Julia Cecilia,Castro Román,castro.julia@mail.com,True,$2b$10$tkNFGvbzcU9s9J5QqJ4.iOw7IpftpF5.1ydFzqh4M3v3B3iSiOnb2,True,Julia Cecilia Castro Román,2024-09-13 07:06:15.000,0
680450c324880247e3b6d746,Cristina,Cortés,cortésc@zoho.com,True,$2b$10$SbQkJfRLElqZtxwq47qd5O2cYW5MkjvsEatZdWuzCi2vchMuYQUT.,True,Cristina Cortés,2024-09-16 18:53:50.000,0
680450c324880247e3b6d747,Pilar Fernanda,Montero,montero.pilar@yahoo.com,True,$2b$10$L.gvpzha7jzqFnay5TRAmOCBXz5fpCr2WER43KzH21sQC0XQAhaKe,True,Pilar Fernanda Montero,2024-09-18 10:47:31.000,0
680450c324880247e3b6d748,Laura Diana,Cortés Ortiz,laura_cortés@gmail.com,True,$2b$10$eBCnO.dRy4z7NksU9Ck77uodwA8sYfdG.bxZRVlPRV47/TQ12J.Zi,True,Laura Diana Cortés Ortiz,2024-09-19 15:26:49.000,0
680450c324880247e3b6d749,Luisa,Cano,luisa_cano@yahoo.com,True,$2b$10$p5O.0LokfBUMdIsqUWwwc.g0Zqzo0.4ub8k.SM7UMHjs10GMzllkK,True,Luisa Cano,2024-09-23 08:55:11.000,0
680450c324880247e3b6d74a,Pilar Julia,Gil Vicente,pgil@gmail.com,True,$2b$10$cmRYhoZ68OdeOcPllil6J.Kcj828coEab9q8usjUW173PskqG50te,True,Pilar Julia Gil Vicente,2024-09-23 13:15:35.000,0
680450c424880247e3b6d74b,Enrique,Díez,enrique455@aol.com,True,$2b$10$p/WvLxCbcJNMYq54K/Jd9OZni6UCL6z7nQ4sR1/Hkt/Ef2jELD5Pu,True,Enrique Díez,2024-10-01 17:40:49.000,0
680450c424880247e3b6d74c,Ernesto Roberto,Montero Jiménez,ernesto_montero@aol.com,True,$2b$10$XrY.pI7BKF1wnrRVWprCRu.Xig7QelEZV1XYXJW88tU95vFaVuXPu,True,Ernesto Roberto Montero Jiménez,2024-10-04 23:20:14.000,0
680450c424880247e3b6d74d,Fernando,León Peña,leónf@gmail.com,True,$2b$10$izQyfrs.3XkLvXzKhjpLfOQx5qiFBlplfkY1Fi/oIV.TCXdyuYAFi,True,Fernando León Peña,2024-10-06 23:34:13.000,0
680450c424880247e3b6d74e,Oscar,Moreno,morenoo@gmail.com,True,$2b$10$xFkPJuaUd25XwlucHqS9veBUgqxmveWpeeB5DSF3X1PCm.LXMNSS6,True,Oscar Moreno,2024-10-15 16:37:33.000,0
680450c424880247e3b6d74f,Pablo,Vargas Hernández,pablovargas77@aol.com,True,$2b$10$PnOZ6GrxYxCzWSh.Lzi51ezxu53wTozh5tey3OqsKy2Q.ExUGKVke,False,Pablo Vargas Hernández,2024-10-16 02:54:46.000,0
680450c424880247e3b6d750,Andrés César,Ortiz Bravo,ortiza@aol.com,True,$2b$10$8QmHBNCsIaAwuQzwmiEifeVB5RXW2LaRIv.Eh9F.vmkP00Hig4jKe,True,Andrés César Ortiz Bravo,2024-10-16 19:23:43.000,0
680450c424880247e3b6d751,Carlos,Vidal Benítez,vidalc@outlook.com,True,$2b$10$ZVPcChB5h85tjfW44Ha3/uq5U3eqZ3Qppl9NFE8bv3GQ0cX.QboCe,True,Carlos Vidal Benítez,2024-10-18 20:41:15.000,0
680450c424880247e3b6d752,Victoria,Cabrera Álvarez,victoriacabrera617@protonmail.com,True,$2b$10$LPXAsi/.GONb2aSfmRjDku4ZMtxvla66qpdFdmqI3BZLt7QvEIORS,True,Victoria Cabrera Álvarez,2024-10-29 19:31:24.000,0
680450c424880247e3b6d753,Rafael Juan,Mora,mora.rafael@yahoo.com,True,$2b$10$XipHSqQleHZU6n40ES2RQOT6Qs2kMPbd94MY6368CI6TWSzIQ9YJK,True,Rafael Juan Mora,2024-11-02 18:42:07.000,0
680450c424880247e3b6d754,Pedro,Marín,pedro332@yahoo.com,False,$2b$10$93.AYcCfFoxgVD6hZ9mlBORLdyNIqb0PS58rjr6uQxdx0gQQpDIwi,True,Pedro Marín,2024-11-04 18:17:09.000,0
680450c424880247e3b6d755,Julia Ana,Montero Moreno,julia65@protonmail.com,True,$2b$10$qC4JQWrZOHfWfGc/Vl/drOlI7iHKrUnAF7indLI5w.dzYHfJiZh.6,True,Julia Ana Montero Moreno,2024-11-04 23:18:34.000,0
680450c424880247e3b6d756,Natalia Mónica,Peña Hernández,nataliapeña84@zoho.com,True,$2b$10$goNfsIPc8oOfTJdchGuGKunYkYyQT4aIPahuOHh0jYmkxzHU1L/PW,True,Natalia Mónica Peña Hernández,2024-11-18 20:24:18.000,0
680450c424880247e3b6d757,Mario Gabriel,Suárez Navarro,mario791@live.com,False,$2b$10$S/bWiUn7IYD9M0LSddyjwOQUK3H3z2pa/WNvhPW/Gmtp88Ifp9dw2,True,Mario Gabriel Suárez Navarro,2024-11-20 15:51:32.000,0
680450c424880247e3b6d758,Camila Elena,Méndez,méndez.camila@outlook.com,False,$2b$10$FQ0x2t3IZiZ.IxrL5ir6JeTXoaphZdBnlG4CkdMh8KKGwqR/HzxJq,True,Camila Elena Méndez,2024-11-21 09:55:17.000,0
680450c424880247e3b6d759,Camila Mónica,Martínez,camilamartínez85@mail.com,True,$2b$10$XLZ6DPw/Qf0bJ3Fx6KKjYuHe0ywmAVz1AVvLcI8n91m4XD.kFalHq,True,Camila Mónica Martínez,2024-11-21 10:49:22.000,0
680450c424880247e3b6d75a,Fernando Alejandro,Iglesias Ramírez,fernando393@mail.com,True,$2b$10$G0Thij/oswvKZjAr7cD5xeaLLrRIN0lvgJEWPvdyoYR.ws5lPqdGq,True,Fernando Alejandro Iglesias Ramírez,2024-11-23 21:26:38.000,0
680450c424880247e3b6d75b,Marcos Rubén,Peña,marcos432@outlook.com,True,$2b$10$xgqyvIb0ixjFBvcCDHs8duRNhvDjrkaIBX3n6zYfo/6dmfXeviSJS,True,Marcos Rubén Peña,2024-11-27 12:48:23.000,0
680450c524880247e3b6d75c,Rafael Fernando,Gallego Romero,rafael.gallego@aol.com,True,$2b$10$bGqfDDEIyUcLch9x5CrXvuzqfsT70AF/TYMWg63fs0BikJftaTzkq,True,Rafael Fernando Gallego Romero,2024-11-29 16:35:36.000,0
680450c524880247e3b6d75d,Claudia Natalia,Cabrera Gutiérrez,claudia608@gmail.com,False,$2b$10$7ru8BqS5CarZ9wImAGTR1uTqJE78Ns8ORkkPjq0z.n16J1e6iQfrO,True,Claudia Natalia Cabrera Gutiérrez,2024-11-29 18:01:16.000,0
680450c524880247e3b6d75e,María Alicia,Márquez Benítez,maríamárquez604@gmail.com,True,$2b$10$tdkfKo/npBj0A2CJXXf8weeC545i1sphg0vsh1QrvOxFLR00SCrR2,True,María Alicia Márquez Benítez,2024-11-29 18:12:39.000,0
680450c524880247e3b6d75f,Cristina Juana,Vega,cristina_vega@icloud.com,True,$2b$10$ZNAis3Vk8.dHjNNtPcN5dOfBEaFgnRRPQ85s2Xclu1JrRLNqTwMa.,True,Cristina Juana Vega,2024-11-29 19:21:07.000,0
680450c524880247e3b6d760,Beatriz,Garrido Guerrero,garrido.beatriz@hotmail.com,True,$2b$10$8DrNYsf4/zVBrXVHAvCMw.8GPFmr8xSbTkGzYQv29QnYy8CqfjiwW,True,Beatriz Garrido Guerrero,2024-11-29 21:01:13.000,0
680450c524880247e3b6d761,Andrés Rafael,Mora,moraa@gmail.com,True,$2b$10$L32BjX3tC6G3R8Zy92gV0u4o4AXWDM6a8BP9r24xuxUqG/knBJ4LS,True,Andrés Rafael Mora,2024-11-29 22:06:24.000,0
680450c524880247e3b6d762,Catalina,Caballero Ferrer,ccaballero@protonmail.com,True,$2b$10$Toq4NZzdLqrEL4b78n0DZew.8j1YZzTDkpeXLM1h5uE6Bpv2qgqnK,True,Catalina Caballero Ferrer,2024-11-29 23:42:06.000,0
680450c524880247e3b6d763,Patricia,Gallego Morales,gallegop@icloud.com,False,$2b$10$NeAFYcvFNCnHO4byDqozn.hswlkQ5T2KP1ABTEwqS5n0HO8gPNb0q,True,Patricia Gallego Morales,2024-12-01 11:40:08.000,0
680450c524880247e3b6d764,Pilar,Crespo,pilarcrespo79@protonmail.com,True,$2b$10$nVUBxsxnen9hLqPBe7ED/.ML43w.7UqYj7WgGuS7jDj5t5naj1T4K,True,Pilar Crespo,2024-12-02 03:34:05.000,0
680450c524880247e3b6d765,José Miguel,Prieto Gómez,jprieto@gmail.com,True,$2b$10$m8dkb8wuK4o7ZoUiFVujfuq6Vjc1hZFZikAtt260eSA5r/8.j/SeG,True,José Miguel Prieto Gómez,2024-12-02 10:07:37.000,0
680450c524880247e3b6d766,Jorge,Vicente Cruz,jvicente@protonmail.com,True,$2b$10$1nnad83ZS4nq3lvv6fudgutQa4X3ABNxRpZhAlL78kp5EP2QUQBVy,True,Jorge Vicente Cruz,2024-12-02 12:18:58.000,0
680450c524880247e3b6d767,Fernanda Beatriz,Flores,fernanda.flores@outlook.com,True,$2b$10$TjhJ5hefzerkwXUtC0QsZOkZVb6J6tkb.FaoWtqZolHPtHYSA7AnW,True,Fernanda Beatriz Flores,2024-12-02 14:53:33.000,0
680450c524880247e3b6d768,Alberto Gabriel,Blanco,albertoblanco95@aol.com,True,$2b$10$XqJdxbMngbuStgNif6Z/N.1pNnJHnEoHJrJSXJeGMdNMt5bkO2uDS,True,Alberto Gabriel Blanco,2024-12-02 15:02:48.000,0
680450c524880247e3b6d769,Daniela,Moya Pascual,daniela.moya@mail.com,True,$2b$10$lfSH3PfdJPlBaYsxAmuEZuZg7c3fmfFsBSQAsGLUMug96rgXrshXW,True,Daniela Moya Pascual,2024-12-02 16:43:16.000,0
680450c524880247e3b6d76a,Alejandro Alfredo,Montero Sanz,amontero@gmail.com,True,$2b$10$IeWlh15zld15A/WOv/6GmOpZtr9o0Jq3dkEyVZSiGEt16T1tN4LMu,True,Alejandro Alfredo Montero Sanz,2024-12-02 18:02:38.000,0
680450c524880247e3b6d76b,Natalia Claudia,Gallego Carmona,gallego.natalia@aol.com,True,$2b$10$oIep0.DZeckr9FrIM5uS/.wX4roLBNlL7OGmhR1YBbOBbF0dgNyBi,True,Natalia Claudia Gallego Carmona,2024-12-02 18:08:31.000,0
680450c524880247e3b6d76c,Fernanda Susana,Montero,montero.fernanda@yahoo.com,True,$2b$10$7dXnjSCxwLW5GWpFsubiaOT0pp81nw7B.iaiCRP1pWsTvmFISYdgS,False,Fernanda Susana Montero,2024-12-02 18:44:57.000,0
680450c524880247e3b6d76d,Alejandra,Fernández Santana,alejandrafernández88@icloud.com,True,$2b$10$KlAMjVxrzQj0DYJfjqvGIuW.H9fi2lKzesOFk/IVWwr4IfrHgCvy6,True,Alejandra Fernández Santana,2024-12-02 23:04:42.000,0
680450c624880247e3b6d76e,Valeria,Ramírez Fernández,vramírez@hotmail.com,True,$2b$10$SqOYlhamwcNjXrjgb/pz0.ZeBLXJmwWLiEubsX6uydmbKm7DBdCF2,True,Valeria Ramírez Fernández,2024-12-02 23:49:57.000,0
680450c624880247e3b6d76f,Miguel,Herrera Iglesias,miguel.herrera@yahoo.com,True,$2b$10$ksN0UFTcVhOuNsRsFwLxyebR1esFeJ/DM4ToD57wwB0rNNBrthMP2,True,Miguel Herrera Iglesias,2024-12-02 23:53:15.000,0
680450c624880247e3b6d770,Ernesto Antonio,Ramírez,ernestoramírez899@live.com,True,$2b$10$wRTJRy2g0.6Qu4nf44OjbecJOcEmp/aHKxB42O8vmvIXCrkeHyGnm,True,Ernesto Antonio Ramírez,2024-12-03 20:56:29.000,0
680450c624880247e3b6d771,Gabriel Mario,Suárez,gabriel_suárez@icloud.com,False,$2b$10$e9Hes4LP0zIWeKhEAAJuBOdgbEH7x3C7e..uFKs6B61ZDs1ZZ/MZ6,True,Gabriel Mario Suárez,2024-12-04 16:22:01.000,0
680450c624880247e3b6d772,Salvador,Domínguez,salvador.domínguez@mail.com,True,$2b$10$ldNumARpQupcYWSk2at18.12jYt3SRNKGjzegDzKXtUN/W5nX7gSW,True,Salvador Domínguez,2024-12-05 01:34:22.000,0
680450c624880247e3b6d773,Victoria Patricia,Román Ramírez,victoria.román@outlook.com,True,$2b$10$NdXmmcrFaXT/F8ghvvzms.MGU/U1spn4N.e5LonXOnr0OD8gJDdk.,True,Victoria Patricia Román Ramírez,2024-12-05 05:53:41.000,0
680450c624880247e3b6d774,Daniel,Carrasco Ramos,carrascod@mail.com,True,$2b$10$ujBACj/h96aHtKbktM.m.Ov32s7e5IrfagjY95eg4JwN16nJXkFri,True,Daniel Carrasco Ramos,2024-12-06 10:00:52.000,0
680450c624880247e3b6d775,Mónica,Lozano,lozano.mónica@mail.com,True,$2b$10$9w1ANloBz75eHxowZiVKnOiPee8DMigBUtSw9SBWdMp0U4eWKH2yG,True,Mónica Lozano,2024-12-06 23:21:06.000,0
680450c624880247e3b6d776,Javier,Gil,javiergil630@live.com,True,$2b$10$TPQMjpz674VnQ0rnIsnjeuJLsL7FcZ8tMEcCzT1WVIzgHtLGqTStu,True,Javier Gil,2024-12-08 10:12:13.000,0
680450c624880247e3b6d777,Miguel,Peña,miguel.peña@aol.com,True,$2b$10$.AdiRihnvPnSY38HObRMi.ZCUOp/U2C6wY3Uj3QlrX3bQeezG0.AG,True,Miguel Peña,2024-12-08 17:17:32.000,0
680450c624880247e3b6d778,Antonio,Santos,antoniosantos894@zoho.com,True,$2b$10$0MuPpsV7ddO0qnOwrS0Kee7UnYonjwfIPL2ru7yhnUpdOqOSCqxGa,True,Antonio Santos,2024-12-09 16:31:24.000,0
680450c624880247e3b6d779,Alicia Cristina,Ortiz Iglesias,ortiza@gmail.com,True,$2b$10$HNQWK.YgWdGltITzDSRHWeau1RsCqpevTIWqVzk.UGTLoHhUYZyWW,True,Alicia Cristina Ortiz Iglesias,2024-12-11 15:48:53.000,0
680450c624880247e3b6d77a,Antonia,Pastor Ibáñez,antonia_pastor@icloud.com,True,$2b$10$VGUiUx9tD8L0uiF1/tvoTeii807.sljY25tP9mg4IvJWKlV0Mrh7y,True,Antonia Pastor Ibáñez,2024-12-11 16:24:20.000,0
680450c624880247e3b6d77b,Hugo Ernesto,Medina,hugo.medina@icloud.com,True,$2b$10$YmN9JwlsuJmopQx8eA0I5e/JTpLwF0ZHca.d/ofkTH/MGM8pgBTQS,True,Hugo Ernesto Medina,2024-12-12 17:27:18.000,0
680450c624880247e3b6d77c,Verónica,Lorenzo Núñez,verónicalorenzo183@aol.com,False,$2b$10$JZKyvAZsLwvF/IweBDVrz.6n/m2B1Lu.2MjymnNRzWJ33E1bez8xe,True,Verónica Lorenzo Núñez,2024-12-13 11:23:45.000,0
680450c624880247e3b6d77d,Pedro,Nieto,pedro.nieto@aol.com,True,$2b$10$5lVuyUOo4hAAn1OSpgdbm.hdClSz/KsEFbWNllgV9nWMY7G19ZfJS,True,Pedro Nieto,2024-12-13 19:15:59.000,0
680450c624880247e3b6d77e,Andrés,Pérez,apérez@icloud.com,True,$2b$10$1nq/H.tOQ7mzKYIeYYru4eUcaVA7O8vaSdZiY9rRlbb27YUuYxeeC,True,Andrés Pérez,2024-12-16 19:33:41.000,0
680450c724880247e3b6d77f,Ernesto Alfredo,Guerrero Duran,ernesto_guerrero@outlook.com,True,$2b$10$sw2RL.d.HHaAvXzuxfDDO.UdKbTLuOUqPoGuF3hkzt2h8X./dg5yK,True,Ernesto Alfredo Guerrero Duran,2024-12-17 11:25:13.000,0
680450c724880247e3b6d780,Pedro Víctor,Gil,pgil@protonmail.com,True,$2b$10$NC9G4TypJ93yVnDqeEBeMuRruZxvEqJnLugMBlLcGi3WHUIka3Pu6,False,Pedro Víctor Gil,2024-12-21 09:42:11.000,0
680450c724880247e3b6d781,Miguel Armando,Sanz,miguel.sanz@aol.com,True,$2b$10$DHnPMDB.MplNJ6PwAbNGneShXKRNcTALV8jZez0bmTzr3Od0MTgw6,True,Miguel Armando Sanz,2024-12-21 23:41:30.000,0
680450c724880247e3b6d782,Diana,Soto,diana909@aol.com,True,$2b$10$/48ULqhcCt5tdPLvFWfRPeaf8oQO6MoX38qsd2k9PcSnO1/NuiV5e,True,Diana Soto,2024-12-22 10:33:26.000,0
680450c724880247e3b6d783,Luis,Díaz,ldíaz@protonmail.com,True,$2b$10$.rVuAxPZa3cRMUhJjd7SzuuZ.FPEpfmareooQF3iHY4fePJ3VLzty,True,Luis Díaz,2024-12-25 11:58:36.000,0
680450c724880247e3b6d784,Alfredo,Fernández Jiménez,alfredo912@aol.com,False,$2b$10$Xuvnmr/oWYJpaTjCEJpShOM0j2cLRx1/EfVHrbvWdNMZE9aScmc/u,True,Alfredo Fernández Jiménez,2024-12-26 14:50:58.000,0
680450c724880247e3b6d785,Catalina Juana,Mora Gallardo,catalina154@zoho.com,True,$2b$10$8sh8EOVMeftGbCw8HFoIo.znvhUi7f1Eh3TYS9DjEuVjsn.aHWLFq,True,Catalina Juana Mora Gallardo,2024-12-27 10:56:10.000,0
680450c724880247e3b6d786,Javier Ricardo,Gómez,gómez.javier@hotmail.com,True,$2b$10$KrxCRd3TwNWmz0.aI/.cOOcEIIGduWc1xpQTlgGy7SYsNDRMRrYFW,True,Javier Ricardo Gómez,2024-12-27 11:11:17.000,0
680450c724880247e3b6d787,Beatriz,Sáez,beatriz489@aol.com,True,$2b$10$rF/r.j0Uwzw6D6v1ZqJl7ulhOmmpn9yLiYvEc2phzrzIUALgR.EMe,True,Beatriz Sáez,2024-12-28 11:20:39.000,0
680450c724880247e3b6d788,Alberto Oscar,Ortiz,aortiz@gmail.com,True,$2b$10$Vw1tweTqGojFAqQtycL33eFeEx.X7nkRH1uF45eXw9jMRlRXZTxSq,True,Alberto Oscar Ortiz,2024-12-30 05:37:49.000,0
680450c724880247e3b6d789,Victoria,Muñoz,vmuñoz@outlook.com,True,$2b$10$82zRCXbRnw5D6Snx7ecca.TaMLMXphhhroHBzZ0StAzFZUtb3Vowu,True,Victoria Muñoz,2024-12-30 10:14:48.000,0
680450c724880247e3b6d78a,Fernando,Muñoz Ramos,fernando724@zoho.com,True,$2b$10$ux./5AQhjEl8YEcbBAtPD.fsdIj6L3NyEZYB.yFaWgTu9/ZOQhvQi,False,Fernando Muñoz Ramos,2024-12-31 13:30:27.000,0
680450c724880247e3b6d78b,Gabriela,Cabrera,gabriela397@zoho.com,True,$2b$10$mp6mRmxFX7byaOam.ygoIeoZLI.MGiCmPF8Pe/GMou25.pxD3nyO2,True,Gabriela Cabrera,2025-01-02 21:35:03.000,0
680450c724880247e3b6d78c,Luisa,Sánchez,luisa.sánchez@yahoo.com,True,$2b$10$wNVkIEMNp7/qLBC1E65NXOVnkWLI4Z1uOrZsGGcfa/JgIZU3S2FeS,True,Luisa Sánchez,2025-01-06 10:53:57.000,0
680450c724880247e3b6d78d,Silvia,Giménez,silvia506@protonmail.com,True,$2b$10$vEWpEHM8MaxG0DUPRbQLOuLysWOsTy1PSYWuq4zF5y8C9/GJeYESi,True,Silvia Giménez,2025-01-07 20:43:31.000,0
680450c724880247e3b6d78e,Mariana,Campos Díaz,camposm@icloud.com,True,$2b$10$4DXCLqYzduaNTrPRMX8FbOzTaa8kidIKwmUgJ5lUXSPsnuvowKJGu,True,Mariana Campos Díaz,2025-01-09 18:26:37.000,0
680450c724880247e3b6d78f,Martha,Esteban Díez,martha_esteban@icloud.com,True,$2b$10$f.ui6k4fFTg8MQi4ZrSf1ux.DGH7aWibDFm.epxAjYKUczWaUZkQ6,True,Martha Esteban Díez,2025-01-11 21:30:18.000,0
680450c824880247e3b6d790,Rosa,Alonso,rosa_alonso@zoho.com,True,$2b$10$KtNlC36A4cavC.FieXmO1.AqIFX88A.VNIFSRZafXHldAtTZLrsB.,True,Rosa Alonso,2025-01-19 12:01:46.000,0
680450c824880247e3b6d791,Diana Mónica,Morales,dianamorales177@outlook.com,True,$2b$10$3TfXtxuh5vYFYpQwNj5aC.51RQfyDozVvVEP9aqe/Kmb4EQGOfKsG,True,Diana Mónica Morales,2025-01-19 16:51:57.000,0
680450c824880247e3b6d792,Julio,Montero,monteroj@yahoo.com,True,$2b$10$lp3AHxe87TmWWt6V/g0bv.uNhEAb9dPJ2C/Nt9aOejnSUoqgYoMzG,True,Julio Montero,2025-01-24 13:42:45.000,0
680450c824880247e3b6d793,Juana Alicia,Pérez Román,juanapérez540@gmail.com,True,$2b$10$tXqnnCbq1lHgtYX9J4yUAOt0/RRIO8zWmsos/oKMObvvNbzCCinxu,True,Juana Alicia Pérez Román,2025-01-25 13:25:10.000,0
680450c824880247e3b6d794,Elena Gabriela,Parra,elena_parra@aol.com,True,$2b$10$InbWcO4tpYpp.riPLO/6DOP5ENC0Nb6tufvOaQpc2gNtwv/wVfKlm,True,Elena Gabriela Parra,2025-01-27 20:32:13.000,0
680450c824880247e3b6d795,Hugo,Soler Martín,hugo_soler@icloud.com,False,$2b$10$sOJ/Jq/zGuaDjHnO6W7bvuwYnbR6.Zo36QtXWtT.DnfUgyMSeFaa2,True,Hugo Soler Martín,2025-02-01 21:20:55.000,0
680450c824880247e3b6d796,Martha,Alonso,alonso.martha@icloud.com,True,$2b$10$Ld8rxpTrsDQ5TuW2zFEuQuBVPg7pfzZUs3TsdI307eiJRO6oKhhj.,True,Martha Alonso,2025-02-02 03:50:25.000,0
680450c824880247e3b6d797,Hugo,Ramos,hramos@gmail.com,True,$2b$10$/Cjop7gKGFO7NKz16RNh..MrTSD2q90mQpQd/ONJ1.DP/GYxI0Xfm,True,Hugo Ramos,2025-02-02 10:41:28.000,0
680450c824880247e3b6d798,Hugo,Díaz,hugo_díaz@yahoo.com,True,$2b$10$JM6Ti7WMvCSY.iFFLZyCG.o0GBQsDMjY8KvdDp7UNLSS7mbXayRvq,True,Hugo Díaz,2025-02-02 23:09:54.000,0
680450c824880247e3b6d799,Ana Patricia,Castillo Moreno,castilloa@gmail.com,True,$2b$10$9hlC8Qnm/s0O5lZeSgg/jud1VYnPXfrhQuF.bdki.YxUUgs95tyg6,True,Ana Patricia Castillo Moreno,2025-02-04 20:41:31.000,0
680450c824880247e3b6d79a,Laura Silvia,Soto,laura430@mail.com,False,$2b$10$MqOijm8kOGo1TPXK7VBUr.iNraXECUsGDGeKxUIKLU7XGCPS6iATm,True,Laura Silvia Soto,2025-02-06 22:58:54.000,0
680450c824880247e3b6d79b,Pilar,Moya Suárez,pilar_moya@aol.com,True,$2b$10$gblaCMFs.4RxZaR3KZoGpOdgDYtIus94At4BmXjIOn3Wvn1v5rqvO,True,Pilar Moya Suárez,2025-02-07 11:39:24.000,0
680450c824880247e3b6d79c,Pablo Eduardo,Parra Vargas,parrap@gmail.com,True,$2b$10$ACkqxSmHLTue5N6cDHLOHOIOaaIHqZCGIzkYZAFvOc6wP4bCLoop.,True,Pablo Eduardo Parra Vargas,2025-02-07 13:48:28.000,0
680450c824880247e3b6d79d,Marcos,Castro Fuentes,marcoscastro196@hotmail.com,True,$2b$10$q7gh0ovO6MRvibOieXe1BegHOKGovgW4Xycj98JOoxWnyMe8.HShm,True,Marcos Castro Fuentes,2025-02-10 11:08:19.000,0
680450c824880247e3b6d79e,Hugo Alberto,Ortega,hugoortega98@icloud.com,True,$2b$10$shdelyOWaMMYMYrQLiQ7UugqRn2Cebq2SD2fhnImR3rt3MCeTBBtK,True,Hugo Alberto Ortega,2025-02-12 10:25:05.000,0
680450c824880247e3b6d79f,Susana Camila,Moreno Cabrera,morenos@aol.com,False,$2b$10$drTkXJkYXCoxcRA1mzivL.9Uc/KnRgQd4pZyxwY2hi7bagHwrwGza,True,Susana Camila Moreno Cabrera,2025-02-13 12:59:42.000,0
680450c824880247e3b6d7a0,José Ricardo,Mora,josémora463@aol.com,True,$2b$10$ratNK4Z8HkfvBQaysouXR.QCMn6gnbnKLajw3GSWq7PvKsyYcK6qu,True,José Ricardo Mora,2025-02-14 10:47:44.000,0
680450c824880247e3b6d7a1,Diana,Santos Jiménez,diana_santos@aol.com,True,$2b$10$CremMwzf0Ycp.piV5QCpk.gdYzFGNTUXZd8y03j0LugeEF./BSF3u,True,Diana Santos Jiménez,2025-02-14 14:05:23.000,0
680450c924880247e3b6d7a2,Verónica,Vicente,vicente.verónica@zoho.com,True,$2b$10$mgfgVPbknYmo01aX/am9deERHmfLCY7PcXg76MXFuReay0S/elYjS,False,Verónica Vicente,2025-02-14 16:50:39.000,0
680450c924880247e3b6d7a3,Alfredo,Morales,alfredo_morales@icloud.com,False,$2b$10$Y4xMb8bHGd1cu5ICx287XOWXevk2v/R8/BADVaXHzsgkyamMvekkO,True,Alfredo Morales,2025-02-14 17:34:38.000,0
680450c924880247e3b6d7a4,Julia Beatriz,Arias,ariasj@hotmail.com,False,$2b$10$z25DA.M9Wc9JnNTUJBtKNOoLkW.JOWFl.phYcgr5qyl6rfbazLsoa,True,Julia Beatriz Arias,2025-02-14 20:44:18.000,0
680450c924880247e3b6d7a5,Cristina,Esteban Castro,cristinaesteban97@zoho.com,True,$2b$10$Re4mRc3QQG/Y8rdck9VHFOQLz6EAkoFvRVX2RROP8oPkndLWVh/yq,True,Cristina Esteban Castro,2025-02-14 20:45:04.000,0
680450c924880247e3b6d7a6,Antonia Alicia,Méndez,méndez.antonia@live.com,True,$2b$10$zHJv2UOnJOZ588GHZoxBSuUsGwglUQqZlLHvO/0LLC9kIjx5tLYbG,True,Antonia Alicia Méndez,2025-02-17 19:05:44.000,0
680450c924880247e3b6d7a7,Víctor,Ramírez,vramírez@mail.com,True,$2b$10$6ASRAGJ2YcTN6c6AZc0DDuBpwbVqLjUZJq2E4N8POh7KFGV5QmM9q,True,Víctor Ramírez,2025-02-19 10:36:15.000,0
680450c924880247e3b6d7a8,Elena Patricia,García,elena_garcía@icloud.com,True,$2b$10$XsxazvbCxB/P1Ac7OfzeuugnYsxjj6ff6CeTj.TRtfrJeUDet28im,True,Elena Patricia García,2025-02-19 20:35:03.000,0
680450c924880247e3b6d7a9,Ernesto Gabriel,Montero,montero.ernesto@hotmail.com,False,$2b$10$2KvPVBW9U75wZeumIqqIQeCHJeF/jE0MA8DC.Oap3qpBOsv0JfH82,True,Ernesto Gabriel Montero,2025-02-19 22:02:15.000,0
680450c924880247e3b6d7aa,Carmen,Ferrer,carmen.ferrer@yahoo.com,True,$2b$10$4qsZtBtw78X/SzfN4Vj9SuaB.cGyawbrXQ1PiXPk2UaEz/1TTRCc.,True,Carmen Ferrer,2025-02-24 18:37:47.000,0
680450c924880247e3b6d7ab,Raúl,Rojas,rrojas@aol.com,True,$2b$10$YqEjFJvdlyidwU55ymH6sODONrUunuIgiHfo3OABpWcwCHRGQ9SRe,True,Raúl Rojas,2025-02-27 19:57:53.000,0
680450c924880247e3b6d7ac,Mario Hugo,Vicente,mariovicente258@protonmail.com,True,$2b$10$3/HXg0jIWXwi7nRsPr75zu7uobo5W0j1m3FxE3/P9XQoLk7Pm7l1G,True,Mario Hugo Vicente,2025-02-28 20:20:54.000,0
680450c924880247e3b6d7ad,José Miguel,Jiménez Molina,josé541@aol.com,True,$2b$10$6PsltlWJds.B7Y1Pu6.Foea23Il3.i50MUBV/W4CEfXOfj3jDklni,True,José Miguel Jiménez Molina,2025-03-03 08:12:11.000,0
680450c924880247e3b6d7ae,César,Duran,duranc@protonmail.com,True,$2b$10$ITrsiZjpXIaTOtqItfFHS.ChHKjMyxgEcql54lOgSSVqy7ONqdVUe,True,César Duran,2025-03-03 13:04:04.000,0
680450c924880247e3b6d7af,Alberto,Campos,alberto734@zoho.com,True,$2b$10$Yzap00BVDqbiqm4m5StFqu2Qe/ARWuTOr1uP2qqU2osCNAqgdeXLC,True,Alberto Campos,2025-03-03 20:57:34.000,0
680450c924880247e3b6d7b0,Hugo César,Reyes,hugo_reyes@protonmail.com,True,$2b$10$89xzm5taDcvERj3X6SOun.qKfQAlG8TfrwiufIeH0PBu1dCIeaZzG,True,Hugo César Reyes,2025-03-03 21:05:41.000,0
680450c924880247e3b6d7b1,Francisco Rubén,Peña,franciscopeña722@aol.com,True,$2b$10$L9rfjRBPxJ2/PKiijZQ2/ulYqj82gFA8z4PJ0HxAm5NgmemRjI3Jq,True,Francisco Rubén Peña,2025-03-03 21:22:04.000,0
680450c924880247e3b6d7b2,Alfredo,Muñoz Cruz,alfredomuñoz96@yahoo.com,True,$2b$10$gihXjvbEpu9S.SWfie0.w.xhwbeTdtHiZ4J30eSxCzSxQa6DVCXFi,True,Alfredo Muñoz Cruz,2025-03-03 23:57:29.000,0
680450ca24880247e3b6d7b3,Enrique Antonio,Morales Gallardo,enrique841@yahoo.com,True,$2b$10$Jnk2tKpYZpfVcgWACvh2JeWk2k4RQ2I5mwv3fss386KIdCSQ.KGQ.,True,Enrique Antonio Morales Gallardo,2025-03-04 04:14:49.000,0
680450ca24880247e3b6d7b4,Valeria Cristina,Velasco Molina,valeriavelasco403@aol.com,True,$2b$10$BQymIKzCI0jsiLecQkrqrugxpa2G4epggZEe.3xcY2Mikzz35hzxW,True,Valeria Cristina Velasco Molina,2025-03-04 10:25:12.000,0
680450ca24880247e3b6d7b5,Juan,Vázquez Calvo,juanvázquez93@gmail.com,True,$2b$10$7VZefV4gttPVa26mySUG8uYTljMDpbBFF3aaUP2C7gM1KZ1FfiSiK,True,Juan Vázquez Calvo,2025-03-04 14:09:07.000,0
680450ca24880247e3b6d7b6,Ana Diana,Gutiérrez,anagutiérrez78@live.com,True,$2b$10$oyL3s96vVQtXvNfsCgAss.RXy58zBF3iOQ3kU07ybcY1BLC/va.Xq,True,Ana Diana Gutiérrez,2025-03-04 20:38:22.000,0
680450ca24880247e3b6d7b7,Alfredo,Domínguez,domíngueza@gmail.com,True,$2b$10$KZzb7Ifv.HiwWtLVUfGJZem7RHi0K71d7d9v0x6qyTPsNhr9lSaYK,True,Alfredo Domínguez,2025-03-09 13:36:18.000,0
680450ca24880247e3b6d7b8,Natalia Elena,Suárez,suárezn@zoho.com,True,$2b$10$Lqpfo3FbDgLTr9vjSvH0dOgjFrcb5WQ8bN.c5DMB2wN7rHe0jiD7W,True,Natalia Elena Suárez,2025-03-11 09:57:42.000,0
680450ca24880247e3b6d7b9,Susana,Bravo Molina,susanabravo78@icloud.com,True,$2b$10$1z5j3pl2DD5hh6m2cc.T9er0mq5SBKiPKVQL3KIZUdZ3XhHCsAoty,True,Susana Bravo Molina,2025-03-12 23:11:46.000,0
680450ca24880247e3b6d7ba,Sofía Victoria,Ramírez,ramírezs@live.com,True,$2b$10$cbYz6BS24CeOS484f5OZFur1F5WZ45lhJKwxvwv4oMd4SWGah8VPa,True,Sofía Victoria Ramírez,2025-03-19 08:55:17.000,0
680450ca24880247e3b6d7bb,Susana,Ibáñez,susana.ibáñez@gmail.com,True,$2b$10$/ZmZ8f5858iJiJux3WYcBOiLqU1j7Scv9hdVlrellvb42RhHr9fUq,True,Susana Ibáñez,2025-03-27 06:38:14.000,0
680450ca24880247e3b6d7bc,Alicia Lourdes,Gutiérrez Iglesias,gutiérrez.alicia@outlook.com,True,$2b$10$fFDp9Ht1LJ8YldMp6ubrqebOZdZsKi4LHWyHFUbGVLccZlNW9laBq,True,Alicia Lourdes Gutiérrez Iglesias,2025-03-27 19:57:36.000,0
680450ca24880247e3b6d7bd,Camila,Marín,camila766@gmail.com,True,$2b$10$pwjp8uyQiF8uU8x36S80/OA7fHNfmtD4hs83RCXLw5TAb73H02SJu,True,Camila Marín,2025-03-29 13:09:20.000,0
680450ca24880247e3b6d7be,Alfredo Javier,Molina Rodríguez,alfredo_molina@hotmail.com,True,$2b$10$IzQd7EK4WrPWrxUZxc3Ay.pD/TUPUyCDKEi.1b57Rx7NULF1BJuaS,True,Alfredo Javier Molina Rodríguez,2025-03-30 05:38:15.000,0
680450ca24880247e3b6d7bf,Carmen Teresa,Ruiz Vicente,carmen_ruiz@protonmail.com,True,$2b$10$m6AsS66Tp7lVZNY2kwfj9uQKFG/qzJ0WMu9vQSL7jAOq2eWmfAzui,True,Carmen Teresa Ruiz Vicente,2025-03-30 13:47:48.000,0
680450ca24880247e3b6d7c0,Alfredo,Cano Nieto,cano.alfredo@icloud.com,True,$2b$10$nW2NnmyCAkCMLRWPPOp5/.Rs1UbJlfPB0rYK.L4FPFMZX.tcxLjsi,True,Alfredo Cano Nieto,2025-03-30 23:52:25.000,0
680450ca24880247e3b6d7c1,Laura Silvia,Hidalgo Vázquez,hidalgo.laura@yahoo.com,False,$2b$10$Ngi/bycEcauDQMvOBaRJyuxjX4kb5.hx1QojxEv1jIqQjCcEcv7RO,True,Laura Silvia Hidalgo Vázquez,2025-04-03 13:17:03.000,0
680450ca24880247e3b6d7c2,Adriana Antonia,Márquez,adrianamárquez93@aol.com,True,$2b$10$mpX73Rc9GFu5hlmFJJe7wepDbjz1e1l8Dvw4HeXpXXkUbZJtcPjgK,True,Adriana Antonia Márquez,2025-04-08 23:21:38.000,0
680450ca24880247e3b6d7c3,Julio,Blanco,julio.blanco@zoho.com,True,$2b$10$IgfwUcRSCbAknltynpQJpe5B7B45qZADrkzO8orIPCUdW0PO2AcvK,False,Julio Blanco,2025-04-09 10:36:01.000,0
680450cb24880247e3b6d7c4,Roberto Manuel,Medina Santiago,roberto_medina@icloud.com,False,$2b$10$Cmp4v5daUxleHZVvRrq/xe5r7nTfMfAd3v8wDefv3KY1oYo8fIp1K,True,Roberto Manuel Medina Santiago,2025-04-16 09:28:55.000,0
6806b88b415a6c91d08418b0,will,xd,will17@gmail.com,True,$2b$10$7v/c1d/lxSWUtcMSgMAd.OtHwkY0sRRYIO4notDIzXQgB31.yHKsC,True,will xd,2025-04-21 21:28:43.814,0
